ACCESSION_NUMBER,REPORTCALENDARORQUARTER,ISAMENDMENT,AMENDMENTNO,AMENDMENTTYPE,CONFDENIEDEXPIRED,DATEDENIEDEXPIRED,DATEREPORTED,REASONFORNONCONFIDENTIALITY,FILINGMANAGER_NAME,FILINGMANAGER_STREET1,FILINGMANAGER_STREET2,FILINGMANAGER_CITY,FILINGMANAGER_STATEORCOUNTRY,FILINGMANAGER_ZIPCODE,REPORTTYPE,FORM13FFILENUMBER,CRDNUMBER,SECFILENUMBER,PROVIDEINFOFORINSTRUCTION5,ADDITIONALINFORMATION
0000051762-23-000005,30-SEP-2023,,,,,,,,RNC CAPITAL MANAGEMENT LLC,11601 WILSHIRE BLVD. 25TH FL,,LOS ANGELES,CA,90025,13F HOLDINGS REPORT,028-00970,,,N,
0001214659-23-016755,30-SEP-2023,Y,1,RESTATEMENT,N,,,,"MayTech Global Investments, LLC",950 THIRD AVENUE,18TH FLOOR,NEW YORK,NY,10022,13F HOLDINGS REPORT,028-18381,,,N,
0001398344-23-023299,31-MAR-2019,N,,,,,,,WEST PACES ADVISORS INC.,"3284 NORTHSIDE PARKWAY, SUITE 485",,ATLANTA,GA,30327,13F HOLDINGS REPORT,028-23479,000175512,801-96230,N,
0001398344-23-023286,31-MAR-2017,N,,,,,,,WEST PACES ADVISORS INC.,"3284 NORTHSIDE PARKWAY, SUITE 485",,ATLANTA,GA,30327,13F HOLDINGS REPORT,028-23479,000175512,801-96230,N,
0001398344-23-023293,30-JUN-2018,N,,,,,,,WEST PACES ADVISORS INC.,"3284 NORTHSIDE PARKWAY, SUITE 485",,ATLANTA,GA,30327,13F HOLDINGS REPORT,028-23479,000175512,801-96230,N,
0001398344-23-023296,31-DEC-2018,N,,,,,,,WEST PACES ADVISORS INC.,"3284 NORTHSIDE PARKWAY, SUITE 485",,ATLANTA,GA,30327,13F HOLDINGS REPORT,028-23479,000175512,801-96230,N,
0001398344-23-023281,31-DEC-2016,N,,,,,,,WEST PACES ADVISORS INC.,"3284 NORTHSIDE PARKWAY, SUITE 485",,ATLANTA,GA,30327,13F HOLDINGS REPORT,028-23479,000175512,801-96230,N,
0001398344-23-023285,30-SEP-2017,N,,,,,,,WEST PACES ADVISORS INC.,"3284 NORTHSIDE PARKWAY, SUITE 485",,ATLANTA,GA,30327,13F HOLDINGS REPORT,028-23479,000175512,801-96230,N,
0001398344-23-023283,30-JUN-2017,N,,,,,,,WEST PACES ADVISORS INC.,"3284 NORTHSIDE PARKWAY, SUITE 485",,ATLANTA,GA,30327,13F HOLDINGS REPORT,028-23479,000175512,801-96230,N,
0001398344-23-023302,30-SEP-2019,N,,,,,,,WEST PACES ADVISORS INC.,"3284 NORTHSIDE PARKWAY, SUITE 485",,ATLANTA,GA,30327,13F HOLDINGS REPORT,028-23479,000175512,801-96230,N,
0001398344-23-023298,30-JUN-2019,N,,,,,,,WEST PACES ADVISORS INC.,"3284 NORTHSIDE PARKWAY, SUITE 485",,ATLANTA,GA,30327,13F HOLDINGS REPORT,028-23479,000175512,801-96230,N,
0001398344-23-023292,31-MAR-2018,N,,,,,,,WEST PACES ADVISORS INC.,"3284 NORTHSIDE PARKWAY, SUITE 485",,ATLANTA,GA,30327,13F HOLDINGS REPORT,028-23479,000175512,801-96230,N,
0001398344-23-023291,31-DEC-2017,N,,,,,,,WEST PACES ADVISORS INC.,"3284 NORTHSIDE PARKWAY, SUITE 485",,ATLANTA,GA,30327,13F HOLDINGS REPORT,028-23479,000175512,801-96230,N,
0001398344-23-023303,31-DEC-2019,N,,,,,,,WEST PACES ADVISORS INC.,"3284 NORTHSIDE PARKWAY, SUITE 485",,ATLANTA,GA,30327,13F HOLDINGS REPORT,028-23479,000175512,801-96230,N,
0001398344-23-023072,31-MAR-2020,N,,,,,,,WEST PACES ADVISORS INC.,"3284 NORTHSIDE PARKWAY, SUITE 485",,ATLANTA,GA,30327,13F HOLDINGS REPORT,028-23479,000175512,801-96230,N,
0001398344-23-023070,30-SEP-2018,N,,,,,,,WEST PACES ADVISORS INC.,"3284 NORTHSIDE PARKWAY, SUITE 485",,ATLANTA,GA,30327,13F HOLDINGS REPORT,028-23479,000175512,801-96230,N,
0000950123-23-011244,30-SEP-2023,Y,1,RESTATEMENT,N,,,,"SC US (TTGP), LTD.","2800 SAND HILL RD, SUITE 101",,MENLO PARK,CA,94025,13F HOLDINGS REPORT,028-16211,,,N,
0001766806-23-000106,30-SEP-2023,Y,3,RESTATEMENT,,,,,Shaolin Capital Management LLC,230 NW 24TH STREET,SUITE 603,MIAMI,FL,33127,13F HOLDINGS REPORT,028-19514,,,N,
0001766806-23-000105,30-SEP-2023,Y,2,RESTATEMENT,,,,,Shaolin Capital Management LLC,230 NW 24TH STREET,SUITE 603,MIAMI,FL,33127,13F HOLDINGS REPORT,028-19514,,,N,
0001661245-23-000005,30-SEP-2023,,,,,,,,Moss Adams Wealth Advisors LLC,999 THIRD AVE STE 2800,,SEATTLE,WA,98104,13F COMBINATION REPORT,028-23480,000108917,801-58074,N,
0001661245-23-000004,30-JUN-2023,,,,,,,,Moss Adams Wealth Advisors LLC,999 THIRD AVE STE 2800,,SEATTLE,WA,98104,13F COMBINATION REPORT,028-23480,000108917,801-58074,N,
0001661245-23-000003,31-MAR-2023,,,,,,,,Moss Adams Wealth Advisors LLC,999 THIRD AVE STE 2800,,SEATTLE,WA,98104,13F COMBINATION REPORT,028-23480,000108917,801-58074,N,
0001661245-23-000002,31-DEC-2022,,,,,,,,Moss Adams Wealth Advisors LLC,999 THIRD AVE STE 2800,,SEATTLE,WA,98104,13F COMBINATION REPORT,028-23480,000108917,801-58074,N,
0001974403-23-000006,30-SEP-2023,Y,1,NEW HOLDINGS,,,,,"Vawter Financial, Ltd.",1161 BETHEL ROAD,SUITE 304,COLUMBUS,OH,43220,13F HOLDINGS REPORT,028-23274,,,N,
0001398344-23-022979,31-DEC-2020,N,,,,,,,WEST PACES ADVISORS INC.,"3284 NORTHSIDE PARKWAY, SUITE 485",,ATLANTA,GA,30327,13F HOLDINGS REPORT,028-23479,000175512,801-96230,N,
0001398344-23-022987,30-JUN-2020,N,,,,,,,WEST PACES ADVISORS INC.,"3284 NORTHSIDE PARKWAY, SUITE 485",,ATLANTA,GA,30327,13F HOLDINGS REPORT,028-23479,000175512,801-96230,N,
0001398344-23-022988,30-SEP-2021,N,,,,,,,WEST PACES ADVISORS INC.,"3284 NORTHSIDE PARKWAY, SUITE 485",,ATLANTA,GA,30327,13F HOLDINGS REPORT,028-23479,000175512,801-96230,N,
0001398344-23-022984,30-JUN-2021,N,,,,,,,WEST PACES ADVISORS INC.,"3284 NORTHSIDE PARKWAY, SUITE 485",,ATLANTA,GA,30327,13F HOLDINGS REPORT,028-23479,000175512,801-96230,N,
0001398344-23-022983,31-DEC-2021,N,,,,,,,WEST PACES ADVISORS INC.,"3284 NORTHSIDE PARKWAY, SUITE 485",,ATLANTA,GA,30327,13F HOLDINGS REPORT,028-23479,000175512,801-96230,N,
0001398344-23-022982,30-SEP-2020,N,,,,,,,WEST PACES ADVISORS INC.,"3284 NORTHSIDE PARKWAY, SUITE 485",,ATLANTA,GA,30327,13F HOLDINGS REPORT,028-23479,000175512,801-96230,N,
0001398344-23-022980,31-MAR-2021,N,,,,,,,WEST PACES ADVISORS INC.,"3284 NORTHSIDE PARKWAY, SUITE 485",,ATLANTA,GA,30327,13F HOLDINGS REPORT,028-23479,000175512,801-96230,N,
0001007280-23-000013,30-SEP-2023,Y,1,RESTATEMENT,,,,,PUBLIC EMPLOYEES RETIREMENT SYSTEM OF OHIO,277 E TOWN ST,,COLUMBUS,OH,43215,13F HOLDINGS REPORT,028-05230,,,N,
0001007280-23-000012,30-JUN-2023,Y,1,RESTATEMENT,,,,,PUBLIC EMPLOYEES RETIREMENT SYSTEM OF OHIO,277 E TOWN ST,,COLUMBUS,OH,43215,13F HOLDINGS REPORT,028-05230,,,N,
0001007280-23-000011,31-MAR-2023,Y,1,RESTATEMENT,,,,,PUBLIC EMPLOYEES RETIREMENT SYSTEM OF OHIO,277 E TOWN ST,,COLUMBUS,OH,43215,13F HOLDINGS REPORT,028-05230,,,N,
0001007280-23-000010,31-DEC-2022,Y,1,RESTATEMENT,,,,,PUBLIC EMPLOYEES RETIREMENT SYSTEM OF OHIO,277 E TOWN ST,,COLUMBUS,OH,43215,13F HOLDINGS REPORT,028-05230,,,N,
0001398344-23-022879,30-JUN-2022,N,,,,,,,WEST PACES ADVISORS INC.,"3284 NORTHSIDE PARKWAY, SUITE 485",,ATLANTA,GA,30327,13F HOLDINGS REPORT,028-23479,000175512,801-96230,N,
0001398344-23-022880,31-MAR-2022,N,,,,,,,WEST PACES ADVISORS INC.,"3284 NORTHSIDE PARKWAY, SUITE 485",,ATLANTA,GA,30327,13F HOLDINGS REPORT,028-23479,000175512,801-96230,N,
0001398344-23-022881,30-SEP-2022,N,,,,,,,WEST PACES ADVISORS INC.,"3284 NORTHSIDE PARKWAY, SUITE 485",,ATLANTA,GA,30327,13F HOLDINGS REPORT,028-23479,000175512,801-96230,N,
0001398344-23-022864,30-SEP-2023,N,,,,,,,WEST PACES ADVISORS INC.,"3284 NORTHSIDE PARKWAY, SUITE 485",,ATLANTA,GA,30327,13F HOLDINGS REPORT,028-23479,000175512,801-96230,N,
0001398344-23-022863,31-MAR-2023,N,,,,,,,WEST PACES ADVISORS INC.,"3284 NORTHSIDE PARKWAY, SUITE 485",,ATLANTA,GA,30327,13F HOLDINGS REPORT,028-23479,000175512,801-96230,N,
0001398344-23-022861,30-JUN-2023,N,,,,,,,WEST PACES ADVISORS INC.,"3284 NORTHSIDE PARKWAY, SUITE 485",,ATLANTA,GA,30327,13F HOLDINGS REPORT,028-23479,000175512,801-96230,N,
0001398344-23-022860,31-DEC-2022,N,,,,,,,WEST PACES ADVISORS INC.,"3284 NORTHSIDE PARKWAY, SUITE 485",,ATLANTA,GA,30327,13F HOLDINGS REPORT,028-23479,000175512,801-96230,N,
0001540656-23-000021,30-SEP-2023,Y,1,RESTATEMENT,,,,,Gladius Capital Management LP,233 SOUTH WACKER DRIVE,SUITE 5725,CHICAGO,IL,60606,13F HOLDINGS REPORT,028-14812,000152023,801-70841,N,
0001540656-23-000019,30-JUN-2023,Y,1,RESTATEMENT,,,,,Gladius Capital Management LP,233 SOUTH WACKER DRIVE,SUITE 5725,CHICAGO,IL,60606,13F HOLDINGS REPORT,028-14812,000152023,801-70841,N,
0001540656-23-000017,31-MAR-2023,Y,1,RESTATEMENT,,,,,Gladius Capital Management LP,233 SOUTH WACKER DRIVE,SUITE 5725,CHICAGO,IL,60606,13F HOLDINGS REPORT,028-14812,000152023,801-70841,N,
0001540656-23-000015,31-DEC-2022,Y,1,RESTATEMENT,,,,,Gladius Capital Management LP,233 SOUTH WACKER DRIVE,SUITE 5725,CHICAGO,IL,60606,13F HOLDINGS REPORT,028-14812,000152023,801-70841,N,
0001104659-23-126763,30-SEP-2023,Y,1,RESTATEMENT,N,,,,"Vanguard Global Advisers, LLC",100 VANGUARD BOULEVARD,,MALVERN,PA,19355,13F NOTICE,028-20273,000164593,801-76825,N,
0001104659-23-126762,30-SEP-2023,Y,1,RESTATEMENT,N,,,,Vanguard National Trust Co,100 VANGUARD BVLD,,MALVERN,PA,19355,13F NOTICE,028-23299,,,N,
0001104659-23-126760,30-SEP-2023,Y,1,RESTATEMENT,N,,,,VANGUARD ADVISERS INC,100 Vanguard Blvd v26,,Malvern,PA,19355,13F NOTICE,028-16887,000106715,801-49601,N,
0001104659-23-126758,30-SEP-2023,Y,1,RESTATEMENT,N,,,,"Vanguard Investments Australia, Ltd.","Freshwater Place, Level 34",2 Southbank Blvd.,Victoria,C3,3006,13F NOTICE,028-14986,000282933,801-107761,N,
0001104659-23-126757,30-SEP-2023,Y,1,RESTATEMENT,N,,,,VANGUARD FIDUCIARY TRUST CO,100 VANGUARD BLVD,,MALVERN,PA,19355,13F NOTICE,028-11554,,,N,
0001104659-23-126756,30-SEP-2023,Y,1,RESTATEMENT,N,,,,VANGUARD GROUP INC,Po Box 2600,V26,Valley Forge,PA,19482-2600,13F COMBINATION REPORT,028-06408,000105958,801-11953,N,
0001845199-23-000004,30-SEP-2023,,,,,,,,CoreFirst Bank & Trust,3035 SW TOPEKA BLVD,,TOPEKA,KS,66611,13F HOLDINGS REPORT,028-20926,,,N,
0000935836-23-000731,30-SEP-2023,Y,1,RESTATEMENT,N,,,,STADIUM CAPITAL MANAGEMENT LLC,199 Elm Street,,New Canaan,CT,06840-5321,13F HOLDINGS REPORT,028-10135,000135520,801-73242,Y,"The investment manager is filing this Form 13F to report additional shares of Sleep Number Corp., which were inadvertently omitted from the initial filing."
0002004581-23-000001,30-SEP-2023,,,,,,,,Wyrmwood Management LLC,85 BROAD STREET,FLOOR 17,NEW YORK,NY,10004,13F HOLDINGS REPORT,028-23478,,,N,
0001398344-23-022765,30-SEP-2023,N,,,,,,,RWC (US) LLC,"2640 S. BAYSHORE DRIVE, SUITE 201",,MIAMI,FL,33133,13F NOTICE,028-19401,,,N,
0001803296-23-000004,30-SEP-2023,N,,,,,,,"WNY Asset Management, LLC",6500 Sheridan Drive,Suite 200,Williamsville,NY,14221,13F HOLDINGS REPORT,028-20935,000153872,801-71632,N,
0001172661-23-004083,30-SEP-2023,N,,,,,,,"One River Asset Management, LLC",2200 Atlantic Street,Suite 310,Stamford,CT,06902,13F HOLDINGS REPORT,028-23477,000167835,801-78232,N,
0001172661-23-004082,30-JUN-2023,N,,,,,,,"One River Asset Management, LLC",2200 Atlantic Street,Suite 310,Stamford,CT,06902,13F HOLDINGS REPORT,028-23477,000167835,801-78232,N,
0001172661-23-004081,31-MAR-2023,N,,,,,,,"One River Asset Management, LLC",2200 Atlantic Street,Suite 310,Stamford,CT,06902,13F HOLDINGS REPORT,028-23477,000167835,801-78232,N,
0001172661-23-004080,31-DEC-2022,N,,,,,,,"One River Asset Management, LLC",2200 Atlantic Street,Suite 310,Stamford,CT,06902,13F HOLDINGS REPORT,028-23477,000167835,801-78232,N,
0001993325-23-000004,31-MAR-2023,,,,,,,,"Slocum, Gordon & Co LLP",39 MILL STREET,,NEWPORT,RI,02840,13F HOLDINGS REPORT,028-23401,000104929,,N,
0000315032-23-000030,30-SEP-2023,Y,1,RESTATEMENT,,,,,STATE FARM MUTUAL AUTOMOBILE INSURANCE CO,ONE STATE FARM PLAZA,,BLOOMINGTON,IL,61710,13F COMBINATION REPORT,028-00534,,,Y,"This amendment is being filed to report values to the nearest dollar in the Report Summary and Information Table Column 4, which values were inadvertently truncated to the nearest thousand dollars in the original filing."
0000315032-23-000029,30-JUN-2023,Y,1,RESTATEMENT,,,,,STATE FARM MUTUAL AUTOMOBILE INSURANCE CO,ONE STATE FARM PLAZA,,BLOOMINGTON,IL,61710,13F COMBINATION REPORT,028-00534,,,Y,"This amendment is being filed to report values to the nearest dollar in the Report Summary and Information Table Column 4, which values were inadvertently truncated to the nearest thousand dollars in the original filing."
0000315032-23-000028,31-MAR-2023,Y,1,RESTATEMENT,,,,,STATE FARM MUTUAL AUTOMOBILE INSURANCE CO,ONE STATE FARM PLAZA,,BLOOMINGTON,IL,61710,13F COMBINATION REPORT,028-00534,,,Y,"This amendment is being filed to report values to the nearest dollar in the Report Summary and Information Table Column 4, which values were inadvertently truncated to the nearest thousand dollars in the original filing."
0000315032-23-000027,31-DEC-2022,Y,1,RESTATEMENT,,,,,STATE FARM MUTUAL AUTOMOBILE INSURANCE CO,ONE STATE FARM PLAZA,,BLOOMINGTON,IL,61710,13F COMBINATION REPORT,028-00534,,,Y,"This amendment is being filed to report values to the nearest dollar in the Report Summary and Information Table Column 4, which values were inadvertently truncated to the nearest thousand dollars in the original filing."
0000918504-23-000004,30-SEP-2023,,,,,,,,BIRMINGHAM CAPITAL MANAGEMENT CO INC/AL,2 PERIMETER PARK SOUTH,SUITE 235-EAST,BIRMINGHAM,AL,35243-3253,13F HOLDINGS REPORT,028-04074,000108508,,N,
0001172661-23-004079,30-JUN-2023,Y,1,RESTATEMENT,N,,,,Polar Capital Holdings Plc,16 Palace Street,,London,X0,SW1E 5JD,13F HOLDINGS REPORT,028-20910,000136133,801-64644,N,
0001172661-23-004078,31-MAR-2023,Y,1,RESTATEMENT,N,,,,Polar Capital Holdings Plc,16 Palace Street,,London,X0,SW1E 5JD,13F HOLDINGS REPORT,028-20910,000136133,801-64644,N,
0000051812-23-000004,30-SEP-2023,,,,,,,,STONEBRIDGE CAPITAL MANAGEMENT INC,1801 CENTURY PARK EAST SUITE 1800,,LOS ANGELES,CA,90067,13F HOLDINGS REPORT,028-00659,,,N,
0001846532-23-000030,30-JUN-2023,Y,1,RESTATEMENT,,,,,"Continuum Advisory, LLC",873 E. STATE STREET,,EAGLE,ID,83616,13F HOLDINGS REPORT,028-21226,000283155,801-107439,N,
0001846532-23-000029,31-MAR-2023,Y,1,RESTATEMENT,,,,,"Continuum Advisory, LLC",873 E. STATE STREET,,EAGLE,ID,83616,13F HOLDINGS REPORT,028-21226,000283155,801-107439,N,
0001846532-23-000028,31-DEC-2022,Y,1,RESTATEMENT,,,,,"Continuum Advisory, LLC",873 E. STATE STREET,,EAGLE,ID,83616,13F HOLDINGS REPORT,028-21226,000283155,801-107439,N,
0001846532-23-000027,30-SEP-2022,Y,1,RESTATEMENT,,,,,"Continuum Advisory, LLC",873 E. STATE STREET,,EAGLE,ID,83616,13F HOLDINGS REPORT,028-21226,000283155,801-107439,N,
0001846532-23-000026,30-JUN-2022,Y,1,RESTATEMENT,,,,,"Continuum Advisory, LLC",873 E. STATE STREET,,EAGLE,ID,83616,13F HOLDINGS REPORT,028-21226,000283155,801-107439,N,
0001846532-23-000025,31-MAR-2022,Y,1,RESTATEMENT,,,,,"Continuum Advisory, LLC",873 E. STATE STREET,,EAGLE,ID,83616,13F HOLDINGS REPORT,028-21226,000283155,801-107439,N,
0001846532-23-000024,31-DEC-2021,Y,1,RESTATEMENT,,,,,"Continuum Advisory, LLC",873 E. STATE STREET,,EAGLE,ID,83616,13F HOLDINGS REPORT,028-21226,000283155,801-107439,N,
0001846532-23-000023,30-SEP-2021,Y,1,RESTATEMENT,,,,,"Continuum Advisory, LLC",873 E. STATE STREET,,EAGLE,ID,83616,13F HOLDINGS REPORT,028-21226,000283155,801-107439,N,
0001846532-23-000022,30-JUN-2021,Y,1,RESTATEMENT,,,,,"Continuum Advisory, LLC",873 E. STATE STREET,,EAGLE,ID,83616,13F HOLDINGS REPORT,028-21226,000283155,801-107439,N,
0000714142-23-000004,30-SEP-2023,,,,,,,,TEACHERS RETIREMENT SYSTEM OF THE STATE OF KENTUCKY,479 VERSAILLES ROAD,,FRANKFORT,KY,40601,13F HOLDINGS REPORT,028-01068,,,N,
0001420506-23-002302,30-SEP-2023,N,,,,,,,Bank of Israel,"2 BANK OF ISRAEL ST., KIRYAT BEN GURION",,JERUSALEM,L3,91007,13F NOTICE,028-16848,,,N,
0000850529-23-000012,30-JUN-2023,Y,1,RESTATEMENT,,,,,"Fisher Asset Management, LLC",5525 NW FISHER CREEK DRIVE,,CAMAS,WA,98607,13F HOLDINGS REPORT,028-02499,000107342,801-29362,Y,Amendment is filed to round market value of holdings to the nearest dollar.
0000850529-23-000011,31-MAR-2023,Y,1,RESTATEMENT,,,,,"Fisher Asset Management, LLC",5525 NW FISHER CREEK DRIVE,,CAMAS,WA,98607,13F HOLDINGS REPORT,028-02499,000107342,801-29362,Y,Amendment is filed to round market value of holdings to the nearest dollar.
0001104659-23-125265,30-SEP-2023,Y,2,RESTATEMENT,N,,,,"Decheng Capital Management III (Cayman), LLC",PO Box 309,Ugland House,Grand Cayman,E9,KY1-1104,13F HOLDINGS REPORT,028-22474,,,N,
0001894164-23-000012,30-JUN-2023,,,,,,,,"Burns Matteson Capital Management, LLC",42 EAST MARKET STREET,,CORNING,NY,14830,13F HOLDINGS REPORT,028-23476,000118315,801-61036,N,
0001894164-23-000011,31-MAR-2023,,,,,,,,"Burns Matteson Capital Management, LLC",42 EAST MARKET STREET,,CORNING,NY,14830,13F HOLDINGS REPORT,028-23476,000118315,801-61036,N,
0001894164-23-000006,31-DEC-2021,,,,,,,,"Burns Matteson Capital Management, LLC",42 EAST MARKET STREET,,CORNING,NY,14830,13F HOLDINGS REPORT,028-23476,000118315,801-61036,N,
0001894164-23-000010,31-DEC-2022,,,,,,,,"Burns Matteson Capital Management, LLC",42 EAST MARKET STREET,,CORNING,NY,14830,13F HOLDINGS REPORT,028-23476,000118315,801-61036,N,
0001894164-23-000002,31-DEC-2020,,,,,,,,"Burns Matteson Capital Management, LLC",42 EAST MARKET STREET,,CORNING,NY,14830,13F HOLDINGS REPORT,028-23476,000118315,801-61036,N,
0001894164-23-000004,30-JUN-2021,,,,,,,,"Burns Matteson Capital Management, LLC",42 EAST MARKET STREET,,CORNING,NY,14830,13F HOLDINGS REPORT,028-23476,000118315,801-61036,N,
0001894164-23-000007,31-MAR-2022,,,,,,,,"Burns Matteson Capital Management, LLC",42 EAST MARKET STREET,,CORNING,NY,14830,13F HOLDINGS REPORT,028-23476,000118315,801-61036,N,
0001894164-23-000003,31-MAR-2021,,,,,,,,"Burns Matteson Capital Management, LLC",42 EAST MARKET STREET,,CORNING,NY,14830,13F HOLDINGS REPORT,028-23476,000118315,801-61036,N,
0001894164-23-000008,30-JUN-2022,,,,,,,,"Burns Matteson Capital Management, LLC",42 EAST MARKET STREET,,CORNING,NY,14830,13F HOLDINGS REPORT,028-23476,000118315,801-61036,N,
0001894164-23-000009,30-SEP-2022,,,,,,,,"Burns Matteson Capital Management, LLC",42 EAST MARKET STREET,,CORNING,NY,14830,13F HOLDINGS REPORT,028-23476,000118315,801-61036,N,
0001894164-23-000005,30-SEP-2021,,,,,,,,"Burns Matteson Capital Management, LLC",42 EAST MARKET STREET,,CORNING,NY,14830,13F HOLDINGS REPORT,028-23476,000118315,801-61036,N,
0001085146-23-004572,30-SEP-2023,N,,,,,,,Glovista Investments LLC,1 EVERTRUST PLAZA SUITE 1102,,JERSEY CITY,NJ,07302,13F HOLDINGS REPORT,028-14929,,,N,
0001095449-23-000096,30-JUN-2023,Y,1,RESTATEMENT,,,,,"RB Capital Management, LLC",5365 RENO CORPORATE DRIVE,SUITE 200,RENO,NV,89511,13F HOLDINGS REPORT,028-17960,000125678,801-62043,N,
0001725547-23-002738,30-SEP-2023,Y,1,RESTATEMENT,,,,,"DELAP WEALTH ADVISORY, LLC",5885 MEADOWS ROAD,SUITE 200,LAKE OSWEGO,OR,97035,13F HOLDINGS REPORT,028-22928,000282312,801-118278,N,
0001372130-23-000004,30-SEP-2023,,,,,,,,"HEADINVEST, LLC",7 CUSTOM HOUSE STREET,4TH FLOOR,PORTLAND,ME,04101,13F HOLDINGS REPORT,028-11969,,,N,
0000877134-23-000016,30-SEP-2023,,,,,,,,WESBANCO BANK INC,1 BANK PLZ,,WHEELING,WV,26003,13F HOLDINGS REPORT,028-02925,,,N,
0001062993-23-022252,30-SEP-2023,N,,,,,,,"Sunbelt Securities, Inc.","2700 POST OAK BLVD, SUITE 1700",,HOUSTON,TX,77056,13F HOLDINGS REPORT,028-16583,000042180,801-71479,N,
0001957148-23-000008,30-SEP-2023,,,,,,,,"ETFIDEA, LLC",120 MADISON STREET,SUITE 1700,SYRACUSE,NY,13202,13F HOLDINGS REPORT,028-22761,000121188,801-69316,N,
0001085146-23-004568,30-SEP-2023,N,,,,,,,SYLEBRA CAPITAL LLC,3000 EL CAMINO REAL BUILDING 5 SUITE 450,,PALO ALTO,CA,94306,13F HOLDINGS REPORT,028-23475,000316856,801-123124,Y,"Due to change in filing entity (from Sylebra Capital Limited to Sylebra Capital LLC), Sylebra is refiling the 13F for Q3 2023."
0000931097-23-000004,30-SEP-2023,,,,,,,,CCM INVESTMENT ADVISERS LLC,P O BOX 7488,,COLUMBIA,SC,29202-7488,13F HOLDINGS REPORT,028-04518,,,N,
0001629271-23-000005,30-SEP-2023,,,,,,,,"PALLADIEM, LLC",1 TOWN PLACE,SUITE 200,BRYN MAWR,PA,19010,13F HOLDINGS REPORT,028-16378,000158989,801-72726,N,
0001629271-23-000004,30-JUN-2023,,,,,,,,"PALLADIEM, LLC",1 TOWN PLACE,SUITE 200,BRYN MAWR,PA,19010,13F HOLDINGS REPORT,028-16378,000158989,801-72726,N,
0001911726-23-000006,30-SEP-2023,Y,1,RESTATEMENT,,,,,Raleigh Capital Management Inc.,1400 CRESCENT GREEN DRIVE,SUITE 100,CARY,NC,27518,13F HOLDINGS REPORT,028-22260,000149538,801-121781,N,
0001539338-23-000009,30-SEP-2023,,,,,,,,Financial Advisory Group,5599 SAN FELIPE,SUITE 900,HOUSTON,TX,77056,13F HOLDINGS REPORT,028-14635,,,N,
0001767343-23-000003,30-SEP-2023,,,,,,,,"DAGCO, INC.",27366 CENTER RIDGE ROAD,,WESTLAKE,OH,44145,13F HOLDINGS REPORT,028-19349,,,N,
0001393825-23-000231,30-SEP-2023,Y,1,NEW HOLDINGS,N,,,,Hudson Bay Capital Management LP,28 Havemeyer Place,2nd Floor,Greenwich,CT,06830,13F HOLDINGS REPORT,028-12909,,,N,
0001085146-23-004565,30-SEP-2023,N,,,,,,,"Financial Insights, Inc.",3110 RUSTON WAY,SUITE C,TACOMA,WA,98402,13F HOLDINGS REPORT,028-19438,,,N,
0001172661-23-004076,30-SEP-2023,N,,,,,,,David R. Rahn & Associates Inc.,495 Seaport Court,Suite 106,Port Of Redwood City,CA,94063-2785,13F HOLDINGS REPORT,028-14108,000107501,801-41657,N,
0001172661-23-004075,30-SEP-2023,Y,2,NEW HOLDINGS,N,,,,"DigitalBridge Group, Inc.",750 Park of Commerce Drive,Suite 210,Boca Raton,FL,33487,13F HOLDINGS REPORT,028-19781,,,N,
0001172661-23-004074,30-SEP-2023,Y,1,RESTATEMENT,N,,,,"DigitalBridge Group, Inc.",750 Park of Commerce Drive,Suite 210,Boca Raton,FL,33487,13F HOLDINGS REPORT,028-19781,,,N,
0001750924-23-000005,30-SEP-2023,,,,,,,,"VisionPoint Advisory Group, LLC",17250 DALLAS PARKWAY,,DALLAS,TX,75248,13F HOLDINGS REPORT,028-19208,,,N,
0001613331-23-000005,30-SEP-2023,,,,,,,,Fragasso Group Inc.,610 SMITHFIELD STREET,SUITE 400,PITTSBURGH,PA,15222,13F HOLDINGS REPORT,028-16268,,,N,
0001993325-23-000003,31-DEC-2022,,,,,,,,"Slocum, Gordon & Co LLP",39 MILL STREET,,NEWPORT,RI,02840,13F HOLDINGS REPORT,028-23401,000104929,,N,
0001821219-23-000004,30-SEP-2023,,,,,,,,Global Frontier Investments LLC,92 BROAD STREET,,CHARLESTON,SC,29401,13F HOLDINGS REPORT,028-20338,,,N,
0001398344-23-022306,30-SEP-2023,N,,,,,,,"Grant Street Asset Management, Inc.",380 SOUTHPOINTE BLVD,SOUTH POINTE PLAZA II SUITE 315,CANONSBURG,PA,15317,13F HOLDINGS REPORT,028-20331,000106980,801-43095,N,
0001911726-23-000005,30-SEP-2023,,,,,,,,Raleigh Capital Management Inc.,1400 CRESCENT GREEN DRIVE,SUITE 100,CARY,NC,27518,13F HOLDINGS REPORT,028-22260,000149538,801-121781,N,
0001133219-23-000005,30-SEP-2023,,,,,,,,MUHLENKAMP & CO INC,"5000 STONEWOOD DRIVE, STE. 300",,WEXFORD,PA,15090,13F HOLDINGS REPORT,028-03447,,,N,
0000919574-23-006637,30-JUN-2023,Y,1,NEW HOLDINGS,N,,,,"TEGEAN CAPITAL MANAGEMENT, LLC",405 LEXINGTON AVENUE,"26TH FLOOR, SUITE 2622",New York,NY,10174,13F HOLDINGS REPORT,028-14980,000156764,801-74253,N,
0000919574-23-006635,31-MAR-2023,Y,1,NEW HOLDINGS,N,,,,"TEGEAN CAPITAL MANAGEMENT, LLC",405 Lexington Avenue,"26th Floor, Suite 2622",New York,NY,10174,13F HOLDINGS REPORT,028-14980,000156764,801-74253,N,
0000919574-23-006633,31-DEC-2022,Y,1,NEW HOLDINGS,N,,,,"TEGEAN CAPITAL MANAGEMENT, LLC",405 Lexington Avenue,"26th Floor, Suite 2622",New York,NY,10174,13F HOLDINGS REPORT,028-14980,000156764,801-74253,N,
0000919574-23-006632,30-JUN-2022,Y,2,NEW HOLDINGS,N,,,,"TEGEAN CAPITAL MANAGEMENT, LLC",405 Lexington Avenue,"26th Floor, Suite 2622",New York,NY,10174,13F HOLDINGS REPORT,028-14980,,,Y,This amendment is being made to correct a clerical error in the initial filing.
0001398344-23-022280,30-SEP-2023,N,,,,,,,"North Square Investments, LLC",200 WEST MADISON ST,SUITE 2610,CHICAGO,IL,60606,13F NOTICE,028-19569,000294355,801-115238,N,
0000919574-23-006629,30-SEP-2022,Y,1,NEW HOLDINGS,N,,,,"TEGEAN CAPITAL MANAGEMENT, LLC",405 Lexington Avenue,"26th Floor, Suite 2622",New York,NY,10174,13F HOLDINGS REPORT,028-14980,,,N,
0001398344-23-022277,30-JUN-2023,N,,,,,,,"North Square Investments, LLC",200 WEST MADISON ST,SUITE 2610,CHICAGO,IL,60606,13F NOTICE,028-19569,000294355,801-115238,N,
0000831001-23-000151,30-SEP-2023,Y,1,RESTATEMENT,,,,,CITIGROUP INC,388 GREENWICH STREET,,NEW YORK,NY,10013,13F HOLDINGS REPORT,028-02427,,,N,
0001322613-23-000006,30-SEP-2023,,,,,,,,"RR Advisors, LLC",3953 MAPLE AVENUE,SUITE 180,DALLAS,TX,75219,13F HOLDINGS REPORT,028-11321,,,N,
0001085146-23-004559,30-SEP-2023,N,,,,,,,Morton Capital Management LLC/CA,27200 AGOURA ROAD,SUITE 200,CALABASAS,CA,91301,13F HOLDINGS REPORT,028-23474,000141250,801-67025,N,
0001085146-23-004558,30-JUN-2023,N,,,,,,,Morton Capital Management LLC/CA,27200 AGOURA ROAD,SUITE 200,CALABASAS,CA,91301,13F HOLDINGS REPORT,028-23474,000141250,801-67025,N,
0001085146-23-004557,31-MAR-2023,N,,,,,,,Morton Capital Management LLC/CA,27200 AGOURA ROAD,SUITE 200,CALABASAS,CA,91301,13F HOLDINGS REPORT,028-23474,000141250,801-67025,N,
0001085146-23-004556,31-DEC-2022,N,,,,,,,Morton Capital Management LLC/CA,27200 AGOURA ROAD,SUITE 200,CALABASAS,CA,91301,13F HOLDINGS REPORT,028-23474,000141250,801-67025,N,
0001085146-23-004555,30-SEP-2022,N,,,,,,,Morton Capital Management LLC/CA,27200 AGOURA ROAD,SUITE 200,CALABASAS,CA,91301,13F HOLDINGS REPORT,028-23474,000141250,801-67025,N,
0001085146-23-004554,30-JUN-2022,N,,,,,,,Morton Capital Management LLC/CA,27200 AGOURA ROAD,SUITE 200,CALABASAS,CA,91301,13F HOLDINGS REPORT,028-23474,000141250,801-67025,N,
0001085146-23-004553,31-MAR-2022,N,,,,,,,Morton Capital Management LLC/CA,27200 AGOURA ROAD,SUITE 200,CALABASAS,CA,91301,13F HOLDINGS REPORT,028-23474,000141250,801-67025,N,
0001085146-23-004552,31-DEC-2021,N,,,,,,,Morton Capital Management LLC/CA,27200 AGOURA ROAD,SUITE 200,CALABASAS,CA,91301,13F HOLDINGS REPORT,028-23474,000141250,801-67025,N,
0001085146-23-004551,30-SEP-2023,N,,,,,,,"TAP Consulting, LLC",10900 MANCHESTER RD,SUITE 100,KIRKWOOD,MO,63122,13F HOLDINGS REPORT,028-19489,,,N,
0001764968-23-000004,30-SEP-2023,,,,,,,,Advisory Resource Group,4625 E. 91ST ST.,,TULSA,OK,74137,13F HOLDINGS REPORT,028-19132,,,N,
0001661222-23-000014,30-SEP-2023,,,,,,,,Ashburton (Jersey) Ltd,IFC1,THE ESPLANADE,ST HELIER,Y9,JE4 8SJ,13F HOLDINGS REPORT,028-17165,,,N,
0001085146-23-004550,30-SEP-2023,N,,,,,,,"Austin Wealth Management, LLC",1301 S. Capital of Texas Highway,Suite C-210,Austin,TX,78746,13F HOLDINGS REPORT,028-23473,000172793,801-117954,N,
0000905148-23-001550,30-SEP-2023,Y,1,RESTATEMENT,,,,,CHAI TRUST CO LLC,TWO NORTH RIVERSIDE PLAZA,SUITE 600,CHICAGO,IL,60606,13F HOLDINGS REPORT,028-17941,,,Y,"This amendment restates the 13F filed for this quarter to correct the value and share amount of the reported position in EQUITY LIFESTYLE PPTYS INC over which Other Included Manger No. 1, Samuel Zell Administrative Trust, exercised investment discretion, which was inadvertently underreported due to a delay in receiving the relevant data from the broker."
0001632554-23-000010,30-SEP-2023,,,,,,,,Trust Co,PO BOX 1806,,MANHATTAN,KS,66505-1806,13F HOLDINGS REPORT,028-16870,,,N,
0001780507-23-000005,30-SEP-2023,,,,,,,,WT Wealth Management,813 N BEAVER ST,,FLAGSTAFF,AZ,86001,13F HOLDINGS REPORT,028-19605,000169566,801-112701,N,
0001398344-23-022120,30-SEP-2023,N,,,,,,,TUCKER ASSET MANAGEMENT LLC,1520 WEST CANAL COURT,SUITE 100,LITTLETON,CO,80120,13F HOLDINGS REPORT,028-23225,000174844,801-107110,N,
0001178913-23-003838,30-SEP-2023,Y,2,NEW HOLDINGS,N,,,,Phoenix Holdings Ltd.,53 Derech Ha'shalom St.,,Givatayim,L3,53454,13F HOLDINGS REPORT,028-18650,,,Y,"The securities reported herein are beneficially owned by The Phoenix Holdings Ltd. (the ""Phoenix"") or various direct or indirect, majority or wholly-owned subsidiaries of the Phoenix (the ""Subsidiaries""), including The Phoenix Investments House Ltd. (""Phoenix Investments House"") and Phoenix Investments Housea(euro)(TM)s subsidiary, Ksm Mutual Funds Ltd.. The Subsidiaries manage their own funds and/or the funds of others, including for holders of exchange-traded funds or various insurance policies, members of pension or provident funds, unit holders of mutual funds, and portfolio management clients. The Phoenix and each of the Subsidiaries operates under independent management and makes its own independent voting and investment decisions.  Neither the filing of this Form 13F nor any of its contents shall be deemed to constitute an admission by either persons filing this Form 13F or by any of the Subsidiaries that a group exists for purposes of Section 13(d) of the Securities Exchange Act of 1934 or for any other purpose, and each reporting person disclaims the existence of any such group. In addition, each of the persons filing this Form 13F and the Subsidiaries disclaims any beneficial ownership of the securities covered by this report in excess of their actual pecuniary interest therein.  This Statement shall not be construed as an admission by the persons filing this Form 13F or by the Subsidiaries that they are the beneficial owners of any of the Ordinary Shares covered by this Form 13F, and each of the persons filing this Form 13F and the Subsidiaries disclaims beneficial ownership of any such Ordinary Shares. Per informal guidance received from the Division of Investment Management, section 13(f) securities that are dual listed on a U.S. stock exchange and the Tel Aviv Stock Exchange were included in this Form 13F only if they were purchased in the U.S. A new holding entry was added - identifier 88160R901."
0001178913-23-003836,30-SEP-2023,Y,1,RESTATEMENT,N,,,,Phoenix Holdings Ltd.,53 Derech Ha'shalom St.,,Givatayim,L3,53454,13F HOLDINGS REPORT,028-18650,,,Y,"The securities reported herein are beneficially owned by The Phoenix Holdings Ltd. (the ""Phoenix"") or various direct or indirect, majority or wholly-owned subsidiaries of the Phoenix (the ""Subsidiaries""), including The Phoenix Investments House Ltd. (""Phoenix Investments House"") and Phoenix Investments Housea(euro)(TM)s subsidiary, Ksm Mutual Funds Ltd.. The Subsidiaries manage their own funds and/or the funds of others, including for holders of exchange-traded funds or various insurance policies, members of pension or provident funds, unit holders of mutual funds, and portfolio management clients. The Phoenix and each of the Subsidiaries operates under independent management and makes its own independent voting and investment decisions.  Neither the filing of this Form 13F nor any of its contents shall be deemed to constitute an admission by either persons filing this Form 13F or by any of the Subsidiaries that a group exists for purposes of Section 13(d) of the Securities Exchange Act of 1934 or for any other purpose, and each reporting person disclaims the existence of any such group. In addition, each of the persons filing this Form 13F and the Subsidiaries disclaims any beneficial ownership of the securities covered by this report in excess of their actual pecuniary interest therein.  This Statement shall not be construed as an admission by the persons filing this Form 13F or by the Subsidiaries that they are the beneficial owners of any of the Ordinary Shares covered by this Form 13F, and each of the persons filing this Form 13F and the Subsidiaries disclaims beneficial ownership of any such Ordinary Shares. Per informal guidance received from the Division of Investment Management, section 13(f) securities that are dual listed on a U.S. stock exchange and the Tel Aviv Stock Exchange were included in this Form 13F only if they were purchased in the U.S. Column 4 (Market Value), Column 5 (Shares and PRN Amount), and Column 8 (Sole) are updated for identifiers 88160R101, 697435105, and 007903107."
0001449434-23-000049,30-JUN-2023,Y,1,RESTATEMENT,,,,,"Apollo Management Holdings, L.P.",9 W. 57th Street,,New York,NY,10019,13F HOLDINGS REPORT,028-13438,,,N,
0001449434-23-000048,31-MAR-2023,Y,1,RESTATEMENT,,,,,"Apollo Management Holdings, L.P.",9 W. 57th Street,,New York,NY,10019,13F HOLDINGS REPORT,028-13438,,,N,
0001172661-23-004072,30-JUN-2023,Y,1,RESTATEMENT,N,,,,DIMENSION CAPITAL MANAGEMENT LLC,2800 Ponce De Leon Blvd,15th Floor,Coral Gables,FL,33134,13F HOLDINGS REPORT,028-18068,000109380,801-54709,N,
0001172661-23-004071,30-SEP-2023,Y,1,RESTATEMENT,N,,,,DIMENSION CAPITAL MANAGEMENT LLC,2800 Ponce De Leon Blvd,15th Floor,Coral Gables,FL,33134,13F HOLDINGS REPORT,028-18068,000109380,801-54709,N,
0001213900-23-092006,30-SEP-2023,N,,,,,,,"B. Riley Wealth Advisors, Inc.",5000 T-rex Avenue,Suite 300,Boca Raton,FL,33431,13F HOLDINGS REPORT,028-13634,,,N,
0001815183-23-000003,30-SEP-2023,,,,,,,,"Fortis Group Advisors, LLC",345 KINDERKAMACK ROAD,SUITE B,WESTWOOD,NJ,07675,13F HOLDINGS REPORT,028-20406,000290427,801-112236,N,
0001012975-23-000496,30-SEP-2023,Y,1,NEW HOLDINGS,,,,,Euclidean Capital LLC,"160 FIFTH AVE, 9TH FL",,NEW YORK,NY,10010,13F HOLDINGS REPORT,028-20777,,,N,
0000902219-23-000070,30-SEP-2023,Y,1,NEW HOLDINGS,,,,,WELLINGTON MANAGEMENT GROUP LLP,C/O WELLINGTON MANAGEMENT COMPANY LLP,280 CONGRESS STREET,BOSTON,MA,02210,13F HOLDINGS REPORT,028-04557,,,N,
0002002843-23-000002,30-SEP-2023,,,,,,,,Gilfoyle & Co LLC,"450 LEXINGTON AVENUE, FLOOR 4",,NEW YORK,NY,06880,13F HOLDINGS REPORT,028-23472,,,N,
0002002654-23-000008,30-SEP-2023,,,,,,,,"PFS Partners, LLC",350 US HIGHWAY 46,,MINE HILL,NJ,07803,13F HOLDINGS REPORT,028-23471,000147872,801-77867,N,
0002002654-23-000006,31-MAR-2023,,,,,,,,"PFS Partners, LLC",350 US HIGHWAY 46,,MINE HILL,NJ,07803,13F HOLDINGS REPORT,028-23471,000147872,801-77867,N,
0002002654-23-000003,30-JUN-2022,,,,,,,,"PFS Partners, LLC",350 US HIGHWAY 46,,MINE HILL,NJ,07803,13F HOLDINGS REPORT,028-23471,000147872,801-77867,N,
0002002654-23-000001,31-DEC-2021,,,,,,,,"PFS Partners, LLC",350 US HIGHWAY 46,,MINE HILL,NJ,07803,13F HOLDINGS REPORT,028-23471,000147872,801-77867,N,
0002002654-23-000005,31-DEC-2022,,,,,,,,"PFS Partners, LLC",350 US HIGHWAY 46,,MINE HILL,NJ,07803,13F HOLDINGS REPORT,028-23471,000147872,801-77867,N,
0002002654-23-000004,30-SEP-2022,,,,,,,,"PFS Partners, LLC",350 US HIGHWAY 46,,MINE HILL,NJ,07803,13F HOLDINGS REPORT,028-23471,000147872,801-77867,N,
0002002654-23-000002,31-MAR-2022,,,,,,,,"PFS Partners, LLC",350 US HIGHWAY 46,,MINE HILL,NJ,07803,13F HOLDINGS REPORT,028-23471,000147872,801-77867,N,
0002002654-23-000007,30-JUN-2023,,,,,,,,"PFS Partners, LLC",350 US HIGHWAY 46,,MINE HILL,NJ,07803,13F HOLDINGS REPORT,028-23471,000147872,801-77867,N,
0001085146-23-004548,30-SEP-2023,Y,1,NEW HOLDINGS,,,,,AMERICAN CENTURY COMPANIES INC,4500 MAIN STREET,,KANSAS CITY,MO,64111,13F COMBINATION REPORT,028-11918,,,N,
0001437749-23-033229,30-SEP-2023,,,,,,,,FIDELITY D & D BANCORP INC,Blakely & Drinker Streets,,Dunmore,PA,18512,13F HOLDINGS REPORT,028-23470,,,N,
0001085146-23-004546,30-SEP-2023,N,,,,,,,"ARQ WEALTH ADVISORS, LLC",14500 N. NORTHSIGHT BOULEVARD,SUITE 200,SCOTTSDALE,AZ,85260,13F HOLDINGS REPORT,028-20252,000147351,801-107346,N,
0001815355-23-000003,30-SEP-2023,Y,1,RESTATEMENT,,,,,"Scarborough Advisors, LLC",1906 TOWNE CENTRE BLVD,SUITE 260,ANNAPOLIS,MD,21401,13F HOLDINGS REPORT,028-22598,000169517,801-79006,N,
0001725547-23-002560,30-SEP-2023,Y,1,RESTATEMENT,,,,,"Modera Wealth Management, LLC",56 JEFFERSON AVENUE,2ND FLOOR,WESTWOOD,NJ,07675,13F HOLDINGS REPORT,028-14860,000155649,801-71973,N,
0001727783-23-000004,30-SEP-2023,,,,,,,,Neo Ivy Capital Management,410 PARK AVE FL 15,,NEW YORK,NY,10022,13F HOLDINGS REPORT,028-19243,,,N,
0001104659-23-122012,30-SEP-2023,Y,1,RESTATEMENT,N,,,,"Decheng Capital Management III (Cayman), LLC",PO Box 309,Ugland House,Grand Cayman,E9,KY1-1104,13F HOLDINGS REPORT,028-22474,,,N,
0001967261-23-000005,30-SEP-2023,,,,,,,,"Harvest Investment Advisors, LLC",6537 HEARTLAND CIRCLE,,TALLAHASSEE,FL,32312,13F HOLDINGS REPORT,028-23272,000136693,,N,
0001085146-23-004543,30-SEP-2023,N,,,,,,,"Alamar Capital Management, LLC",200 E CARRILLO ST,SUITE 304,SANTA BARBARA,CA,93101,13F HOLDINGS REPORT,028-21084,,,N,
0001085146-23-004542,30-SEP-2023,N,,,,,,,"Quantum Financial Advisors, LLC",1240 ROSECRANS AVE,#120,MANHATTAN BEACH,CA,90266,13F HOLDINGS REPORT,028-22627,,,N,
0001085146-23-004540,30-SEP-2023,N,,,,,,,Allan Gray Bermuda Ltd,CLARENDON HOUSE,2 CHURCH STREET,HAMILTON,D0,HM11,13F NOTICE,028-23469,,,N,
0000945621-23-000592,30-SEP-2023,Y,1,RESTATEMENT,,,,,Carmignac Gestion,24 PLACE VENDOME,,PARIS,I0,75001,13F HOLDINGS REPORT,028-15450,,,N,
0001085146-23-004538,30-SEP-2023,N,,,,,,,"Savoir Faire Capital Management, L.P.",18 MARSHALL ST. SUITE 340,,NORWALK,CT,06854,13F HOLDINGS REPORT,028-23468,,,N,
0001941369-23-000008,30-SEP-2023,N,,,,,,,"ASB Consultores, LLC",21005 Ne 31st Avenue,,Aventura,FL,33180,13F HOLDINGS REPORT,028-22720,000189514,801-114028,N,
0001420506-23-002265,30-JUN-2023,Y,1,NEW HOLDINGS,N,,,,Strategic Value Bank Partners LLC,127 Public Square,Suite 1510,Cleveland,OH,44114-1217,13F HOLDINGS REPORT,028-21638,,,N,
0000743367-23-000006,30-SEP-2023,,,,,,,,BAR HARBOR WEALTH MANAGEMENT,90 NORTH MAIN STREET,,CONCORD,NH,03301,13F HOLDINGS REPORT,028-06264,,,N,
0000743367-23-000005,30-SEP-2023,,,,,,,,Bar Harbor Bank & Trust,82 MAIN STREET,P.O. BOX 400,BAR HARBOR,ME,04609,13F NOTICE,028-14045,,,N,
0000743367-23-000004,30-SEP-2023,,,,,,,,BAR HARBOR BANKSHARES,82 MAIN ST,PO BOX 400,BAR HARBOR,ME,04609-0400,13F NOTICE,028-14044,,,N,
0001455495-23-000004,30-SEP-2023,,,,,,,,"IMA Wealth, Inc.",430 E DOUGLAS AVE,SUITE 400,WICHITA,KS,67202,13F HOLDINGS REPORT,028-13377,,,N,
0001950556-23-000006,30-SEP-2023,,,,,,,,Dakota Community Bank & Trust NA,609 MAIN STREET,,HEBRON,ND,58638,13F HOLDINGS REPORT,028-22680,,,N,
0001484153-23-000001,30-SEP-2023,,,,,,,,Autonomy Capital (Jersey) L.P.,"2ND FLOOR, GASPE HOUSE",66-72 ESPLANADE,ST. HELIER,Y9,JE1 1GH,13F HOLDINGS REPORT,028-15214,,,N,
0002001766-23-000006,30-JUN-2023,,,,,,,,Pantechnicon Advisors LLP,31 MADDOX STREET,,LONDON,X0,W1S 2PB,13F HOLDINGS REPORT,028-23467,,,N,
0001013594-23-000954,31-DEC-2022,Y,1,RESTATEMENT,,,,,Yaupon Capital Management LP,"104 W 40TH ST, FLOOR 20",,NEW YORK,NY,10018,13F HOLDINGS REPORT,028-19371,000298556,801-114061,N,
0001013594-23-000955,31-MAR-2023,Y,1,RESTATEMENT,,,,,Yaupon Capital Management LP,"104 W 40TH ST, FLOOR 20",,NEW YORK,NY,10018,13F HOLDINGS REPORT,028-19371,000298556,801-114061,N,
0001013594-23-000956,30-JUN-2023,Y,2,RESTATEMENT,,,,,Yaupon Capital Management LP,"104 W 40TH ST, FLOOR 20",,NEW YORK,NY,10018,13F HOLDINGS REPORT,028-19371,000298556,801-114061,N,
0000897101-23-000509,30-SEP-2023,Y,1,RESTATEMENT,N,,,,OKABENA INVESTMENT SERVICES INC,1800 IDS Center,80 South Eighth Street,Minneapolis,MN,55402-4523,13F HOLDINGS REPORT,028-10076,000111162,801-47929,N,
0001214659-23-015575,30-SEP-2023,Y,1,RESTATEMENT,N,,,,2Xideas AG,Bahnhofstrasse 1,,Pfaffikon,V8,8808,13F HOLDINGS REPORT,028-20822,,,N,
0001134008-23-000004,30-SEP-2023,,,,,,,,TRUST CO OF VERMONT,P O BOX 1280,,BRATTLEBORO,VT,05302-1280,13F HOLDINGS REPORT,028-10003,,,N,
0001986152-23-000006,30-SEP-2023,Y,1,RESTATEMENT,,,,,Obsidian Personal Planning Solutions LLC,2099 GAITHER RD,STE 110,ROCKVILLE,MD,20850,13F HOLDINGS REPORT,028-22568,000168342,801-78523,N,
0001986152-23-000005,30-JUN-2023,,,,,,,,Obsidian Personal Planning Solutions LLC,2099 GAITHER RD,STE 110,ROCKVILLE,MD,20850,13F HOLDINGS REPORT,028-22568,000168342,801-78523,N,
0000905729-23-000181,30-SEP-2023,N,,,,,,,USA FINANCIAL FORMULAS,6020 East Fulton Street,,Ada,MI,49301,13F HOLDINGS REPORT,028-16517,,,N,
0000905729-23-000180,30-JUN-2023,N,,,,,,,USA FINANCIAL FORMULAS,6020 East Fulton Street,,Ada,MI,49301,13F HOLDINGS REPORT,028-16517,,,N,
0000905729-23-000179,31-MAR-2023,N,,,,,,,USA FINANCIAL FORMULAS,6020 East Fulton Street,,Ada,MI,49301,13F HOLDINGS REPORT,028-16517,,,N,
0001633674-23-000004,30-SEP-2023,,,,,,,,AllSquare Wealth Management LLC,200 GREAT OAKS BLVD,SUITE 219,ALBANY,NY,12203,13F HOLDINGS REPORT,028-16491,,,N,
0002001766-23-000004,30-SEP-2023,,,,,,,,Pantechnicon Advisors LLP,31 MADDOX STREET,,LONDON,X0,W1S 2PB,13F HOLDINGS REPORT,028-23467,,,N,
