ACCESSION_NUMBER,INFOTABLE_SK,NAMEOFISSUER,TITLEOFCLASS,CUSIP,FIGI,VALUE,SSHPRNAMT,SSHPRNAMTTYPE,PUTCALL,INVESTMENTDISCRETION,OTHERMANAGER,VOTING_AUTH_SOLE,VOTING_AUTH_SHARED,VOTING_AUTH_NONE
0000051762-23-000005,94734396,ABBOTT LABORATORIES,COM,002824100,BBG00KTDT9Q6,1515058,15643,SH,,SOLE,,15253,0,390
0000051762-23-000005,94734397,ABBVIE INC,COM,00287Y109,BBG00KTDTBZ1,57330720,384615,SH,,SOLE,,363428,0,21187
0000051762-23-000005,94734398,ADOBE INC,COM,00724F101,BBG00GQ6RYG1,8060499,15808,SH,,SOLE,,14622,0,1186
0000051762-23-000005,94734399,ADVANCED MICRO DEVICES INC,COM,007903107,BBG00KTDTC25,2301934,22388,SH,,SOLE,,20124,0,2264
0000051762-23-000005,94734400,AES CORPORATION,COM,00130H105,BBG00J9TZDP1,153596,10105,SH,,SOLE,,8505,0,1600
0000051762-23-000005,94734401,AFLAC INC,COM,001055102,BBG011RJBL42,415097,5408,SH,,SOLE,,5126,0,282
0000051762-23-000005,94734402,AGENT INFORMATION SOFTWARE I,COM,00847D108,BBG000BG7LR8,37520,28000,SH,,SOLE,,28000,0,0
0000051762-23-000005,94734403,AIR PRODUCTS & CHEMICALS INC,COM,009158106,BBG00QPL5J83,1752546,6184,SH,,SOLE,,5907,0,277
0000051762-23-000005,94734404,ALPHABET CLASS A,COM,02079K305,BBG009STMYC4,3274507,25023,SH,,SOLE,,23365,0,1658
0000051762-23-000005,94734405,ALPHABET CLASS C,COM,02079K107,BBG00GQ6RYT7,7361713,55834,SH,,SOLE,,51192,0,4642
0000051762-23-000005,94734406,ALTRIA GROUP INC,COM,02209S103,BBG002HCS0P2,46814064,1113295,SH,,SOLE,,1047584,0,65712
0000051762-23-000005,94734407,AMAZON.COM INC,COM,023135106,BBG00GQ6RYZ0,5401583,42492,SH,,SOLE,,38189,0,4303
0000051762-23-000005,94734408,AMERICAN EXPRESS CO,COM,025816109,BBG00GQ6RZ41,1218733,8169,SH,,SOLE,,7782,0,387
0000051762-23-000005,94734409,AMGEN INC,COM,031162100,BBG00GQ6RZ96,1918105,7137,SH,,SOLE,,6947,0,190
0000051762-23-000005,94734410,APPLE INC,COM,037833100,BBG00GQ6RZH7,24754570,144586,SH,,SOLE,,138057,0,6529
0000051762-23-000005,94734411,APPLIED MATERIALS INC,COM,038222105,BBG00GQ6RZK3,1432819,10349,SH,,SOLE,,10349,0,0
0000051762-23-000005,94734412,APTIV PLC,COM,G6095L109,BBG00J9TWDN6,2860096,29010,SH,,SOLE,,25986,0,3024
0000051762-23-000005,94734413,ARISTA NETWORKS INC,COM,040413106,BBG00P0PG7W0,220716,1200,SH,,SOLE,,0,0,1200
0000051762-23-000005,94734414,AT&T INC,COM,00206R102,BBG00KTDTF73,46322812,3084075,SH,,SOLE,,2917355,0,166720
0000051762-23-000005,94734415,BANK OF AMERICA CORP,COM,060505104,BBG00KTDTJX6,29564743,1079793,SH,,SOLE,,1011014,0,68779
0000051762-23-000005,94734416,BAXTER INTERNATIONAL INC,COM,071813109,BBG00KTDTPB6,2856117,75679,SH,,SOLE,,69784,0,5895
0000051762-23-000005,94734417,BERKSHIRE HATHAWAY INC - CL B,COM,084670702,BBG00KTDTPN3,653660,1866,SH,,SOLE,,1796,0,70
0000051762-23-000005,94734418,BLACKROCK INC,COM,09247X101,BBG00KTDTQF0,42964136,66458,SH,,SOLE,,62671,0,3787
0000051762-23-000005,94734419,BOEING COMPANY,COM,097023105,BBG00GQ6S092,818025,4268,SH,,SOLE,,4187,0,81
0000051762-23-000005,94734420,BORGWARNER INC,COM,099724106,BBG00J9TZ8W4,2286960,56650,SH,,SOLE,,54855,0,1795
0000051762-23-000005,94734421,BRISTOL-MYERS SQUIBB CO,COM,110122108,BBG00PKLKB53,47401507,816704,SH,,SOLE,,771217,0,45487
0000051762-23-000005,94734422,BROADCOM INC,COM,11135F101,BBG00KK1Y7F1,59092572,71146,SH,,SOLE,,66432,0,4714
0000051762-23-000005,94734423,CAPITAL ONE FINANCIAL CORP,COM,14040H105,BBG011RJCBM3,26392251,271945,SH,,SOLE,,258230,0,13715
0000051762-23-000005,94734424,CATERPILLAR INC,COM,149123101,BBG00GQ6S0K9,686868,2516,SH,,SOLE,,2388,0,128
0000051762-23-000005,94734425,CHARLES SCHWAB CORPORATION,COM,808513105,BBG00PKLKCP9,252046,4591,SH,,SOLE,,4591,0,0
0000051762-23-000005,94734426,CHEVRON CORP,COM,166764100,BBG00GQ6S109,55686558,330249,SH,,SOLE,,312713,0,17536
0000051762-23-000005,94734427,CISCO SYSTEMS INC,COM,17275R102,BBG00GQ6S190,55547306,1033246,SH,,SOLE,,973649,0,59597
0000051762-23-000005,94734428,COMCAST CORP - CL A,COM,20030N101,BBG00GQ6S1N4,57469898,1296119,SH,,SOLE,,1232415,0,63704
0000051762-23-000005,94734429,CONSTELLATION BRANDS INC-A,COM,21036P108,BBG011RJCMW8,4780386,19020,SH,,SOLE,,17304,0,1716
0000051762-23-000005,94734430,CORNING INC,COM,219350105,BBG011RJCQN9,29756216,976574,SH,,SOLE,,922094,0,54480
0000051762-23-000005,94734431,COSTCO WHOLESALE CORP,COM,22160K105,BBG00GQ6S1Q1,1729538,3061,SH,,SOLE,,3061,0,0
0000051762-23-000005,94734432,COTERRA ENERGY INC,COM,127097103,BBG000C3GNX5,2195459,81163,SH,,SOLE,,75363,0,5800
0000051762-23-000005,94734433,CRH PLC,COM,G25508105,BBG00J9T2D40,21711117,396695,SH,,SOLE,,373320,0,23375
0000051762-23-000005,94734434,CVS HEALTH CORPORATION,COM,126650100,BBG010SLNX21,39719369,568882,SH,,SOLE,,538073,0,30809
0000051762-23-000005,94734435,DISNEY WALT CO,COM,254687106,BBG00GQ6SC50,3099916,38247,SH,,SOLE,,35415,0,2832
0000051762-23-000005,94734436,DOMINION ENERGY INC,COM,25746U109,BBG00PKLKBM4,698326,15633,SH,,SOLE,,15103,0,530
0000051762-23-000005,94734437,DOW INC,COM,260557103,BBG00P0P78C0,19148569,371384,SH,,SOLE,,348969,0,22416
0000051762-23-000005,94734438,DUPONT DE NEMOURS INC,COM,26614N102,BBG00HM7NYJ2,5397258,72359,SH,,SOLE,,65384,0,6975
0000051762-23-000005,94734439,EASTMAN CHEMICAL COMPANY,COM,277432100,BBG00JB6HCW2,555453,7240,SH,,SOLE,,7053,0,187
0000051762-23-000005,94734440,EATON CORP PLC,COM,G29183103,BBG00J9TWD47,9354887,43862,SH,,SOLE,,40814,0,3048
0000051762-23-000005,94734441,EMERSON ELECTRIC COMPANY,COM,291011104,BBG011RJDGJ5,47981993,496862,SH,,SOLE,,467467,0,29395
0000051762-23-000005,94734442,ENBRIDGE INC,COM,29250N105,BBG00JPC3BV2,52935303,1594917,SH,,SOLE,,1497509,0,97408
0000051762-23-000005,94734443,EVERGY INC,COM,30034W106,BBG00L33VV82,27362571,539696,SH,,SOLE,,511611,0,28085
0000051762-23-000005,94734444,EXELON CORPORATION,COM,30161N101,BBG010175YZ3,343531,9091,SH,,SOLE,,9091,0,0
0000051762-23-000005,94734445,EXPEDIA GROUP INC,COM,30212P303,BBG00GQ6S2Y0,2881734,27959,SH,,SOLE,,25676,0,2283
0000051762-23-000005,94734446,EXXON MOBIL CORP,COM,30231G102,BBG00GQ6S341,9799205,83341,SH,,SOLE,,77463,0,5878
0000051762-23-000005,94734447,FACEBOOK INC-A,COM,30303M102,BBG00GQ6S378,574902,1915,SH,,SOLE,,1915,0,0
0000051762-23-000005,94734448,FEDEX CORP,COM,31428X106,BBG00KTDVT52,1388458,5241,SH,,SOLE,,5071,0,170
0000051762-23-000005,94734449,FERGUSON PLC,COM,G3421J106,BBG00PFBSSM7,5313532,32307,SH,,SOLE,,29871,0,2436
0000051762-23-000005,94734450,GENERAL MILLS INCORPORATED,COM,370334104,BBG00KTFFQB4,1854397,28979,SH,,SOLE,,28134,0,845
0000051762-23-000005,94734451,GENUINE PARTS CO,COM,372460105,BBG00L1L7KG6,921144,6380,SH,,SOLE,,6380,0,0
0000051762-23-000005,94734452,GILEAD SCIENCES INC,COM,375558103,BBG00GQ6S3Q7,51096038,681826,SH,,SOLE,,645630,0,36196
0000051762-23-000005,94734453,GOLDMAN SACHS GROUP INC,COM,38141G104,BBG00GQ6S3T4,598604,1850,SH,,SOLE,,1658,0,192
0000051762-23-000005,94734454,HOME DEPOT INC,COM,437076102,BBG00GQ6S4B1,37043329,122595,SH,,SOLE,,115905,0,6690
0000051762-23-000005,94734455,HONEYWELL INTERNATIONAL INC,COM,438516106,BBG00KTFHK16,5639664,30528,SH,,SOLE,,28015,0,2513
0000051762-23-000005,94734456,INT'L FLAVORS & FRAGRANCES,COM,459506101,BBG011RJCMD9,401575,5891,SH,,SOLE,,5891,0,0
0000051762-23-000005,94734457,INTEL CORPORATION,COM,458140100,BBG00GQ6S4T2,218053,6134,SH,,SOLE,,5934,0,200
0000051762-23-000005,94734458,INTERNATIONAL BUSINESS MACHINE,COM,459200101,BBG00GQ6S4W8,53275941,379729,SH,,SOLE,,357798,0,21931
0000051762-23-000005,94734459,JOHNSON & JOHNSON,COM,478160104,BBG00GQ6S573,46393524,297872,SH,,SOLE,,281315,0,16557
0000051762-23-000005,94734460,JPMORGAN CHASE & CO,COM,46625H100,BBG00GQ6S5G3,58537656,403652,SH,,SOLE,,381336,0,22316
0000051762-23-000005,94734461,KELLANOVA COM,COM,487836108,BBG00KTFJGQ6,272496,4579,SH,,SOLE,,4179,0,400
0000051762-23-000005,94734462,KENVUE INC,COM,49177J102,BBG01GKCDF33,25575290,1273670,SH,,SOLE,,1202377,0,71293
0000051762-23-000005,94734463,LILLY ELI & COMPANY,COM,532457108,BBG00PKLKBY1,8051441,14990,SH,,SOLE,,13678,0,1312
0000051762-23-000005,94734464,LINCOLN NATIONAL CORP,COM,534187109,BBG00J9TZBD8,690646,27973,SH,,SOLE,,27218,0,755
0000051762-23-000005,94734465,LOCKHEED MARTIN CORPORATION,COM,539830109,BBG00KTFJQ11,41069399,100424,SH,,SOLE,,95031,0,5393
0000051762-23-000005,94734466,LOWES COMPANIES INC,COM,548661107,BBG00PKLKC51,2693572,12960,SH,,SOLE,,11974,0,986
0000051762-23-000005,94734467,M & T BANK CORP,COM,55261F104,BBG00J9TZBG5,41881505,331210,SH,,SOLE,,313788,0,17422
0000051762-23-000005,94734468,MANULIFE FINANCIAL CORP,COM,56501R106,BBG00JPW4498,200708,10980,SH,,SOLE,,9295,0,1685
0000051762-23-000005,94734469,MCDONALDS CORP,COM,580135101,BBG00GQ6S6T7,2274804,8635,SH,,SOLE,,8411,0,224
0000051762-23-000005,94734470,MEDTRONIC PLC,COM,G5960L103,BBG011RHZZH5,34710254,442959,SH,,SOLE,,416686,0,26273
0000051762-23-000005,94734471,MERCK & COMPANY INC,COM,58933Y105,BBG00GQ6S6Z0,2806885,27265,SH,,SOLE,,25215,0,2050
0000051762-23-000005,94734472,METLIFE INC,COM,59156R108,BBG00QPL5M04,4035166,64142,SH,,SOLE,,62447,0,1695
0000051762-23-000005,94734473,MICROCHIP TECHNOLOGY INC,COM,595017104,BBG00GQ6S724,597946,7661,SH,,SOLE,,7061,0,600
0000051762-23-000005,94734474,MICROSOFT CORP,COM,594918104,BBG00GQ6S788,19756126,62569,SH,,SOLE,,59366,0,3203
0000051762-23-000005,94734475,MOOG INC CL A,COM,615394202,BBG000JHP8T5,630204,5579,SH,,SOLE,,5399,0,180
0000051762-23-000005,94734476,MORGAN STANLEY,COM,617446448,BBG00KTFKL47,3617981,44300,SH,,SOLE,,43371,0,929
0000051762-23-000005,94734477,NIKE INC - CL B,COM,654106103,BBG00GQ6S7P9,834850,8731,SH,,SOLE,,8333,0,398
0000051762-23-000005,94734478,NVIDIA CORP,COM,67066G104,BBG00GQ6S7X0,7981381,18348,SH,,SOLE,,15924,0,2424
0000051762-23-000005,94734479,NXP SEMICONDUCTORS NV,COM,N6596X109,BBG00KTDSPQ1,1589964,7953,SH,,SOLE,,7517,0,436
0000051762-23-000005,94734480,OMNICOM GROUP,COM,681919106,BBG00J9TWGS4,1378103,18503,SH,,SOLE,,17923,0,580
0000051762-23-000005,94734481,ORACLE CORP,COM,68389X105,BBG00KTFKY94,3542292,33443,SH,,SOLE,,31871,0,1572
0000051762-23-000005,94734482,PARKER-HANNIFIN CORP,COM,701094104,BBG011RJB1M6,1865781,4790,SH,,SOLE,,4662,0,128
0000051762-23-000005,94734483,PEMBINA PIPELINE CORP,COM,706327103,BBG00K24MXF1,573304,19072,SH,,SOLE,,18007,0,1065
0000051762-23-000005,94734484,PEPSICO INCORPORATED,COM,713448108,BBG00KTFL6N8,3690875,21783,SH,,SOLE,,21078,0,705
0000051762-23-000005,94734485,PFIZER INC,COM,717081103,BBG00GQ6S8C1,2118978,63882,SH,,SOLE,,61631,0,2251
0000051762-23-000005,94734486,PHILIP MORRIS INTL INC,COM,718172109,BBG00KTFLJP8,1880151,20308,SH,,SOLE,,20308,0,0
0000051762-23-000005,94734487,PHILLIPS 66,COM,718546104,BBG00QPL5KZ0,43222968,359742,SH,,SOLE,,340857,0,18884
0000051762-23-000005,94734488,PNC FINANCIAL SERVICES GROUP,COM,693475105,BBG00PKLKCJ6,558707,4551,SH,,SOLE,,4551,0,0
0000051762-23-000005,94734489,PRICE T ROWE GROUP INC,COM,74144T108,BBG00QPL5Q41,1491776,14225,SH,,SOLE,,12945,0,1280
0000051762-23-000005,94734490,PROCTER AND GAMBLE COMPANY,COM,742718109,BBG00GQ6S8J4,1471727,10090,SH,,SOLE,,9690,0,400
0000051762-23-000005,94734491,PRUDENTIAL FINANCIAL INC,COM,744320102,BBG011RJ8426,240546,2535,SH,,SOLE,,2535,0,0
0000051762-23-000005,94734492,QUALCOMM INC,COM,747525103,BBG00GQ6S8L1,7689958,69241,SH,,SOLE,,65269,0,3972
0000051762-23-000005,94734493,RENAISSANCERE HOLDINGS LTD,COM,G7496G103,BBG00JC91BX3,2624221,13259,SH,,SOLE,,12842,0,417
0000051762-23-000005,94734494,RESMED INC,COM,761152107,BBG00P0PHTD2,320286,2166,SH,,SOLE,,2166,0,0
0000051762-23-000005,94734495,ROYAL BANK OF CANADA,COM,780087102,BBG00JPW0HP5,1972821,22562,SH,,SOLE,,22562,0,0
0000051762-23-000005,94734496,RTX CORPORATION COM,COM,75513E101,BBG00Q6SCRN6,318899,4431,SH,,SOLE,,4431,0,0
0000051762-23-000005,94734497,SEMPRA COM,COM,816851109,BBG011RJ7HR1,38580177,567105,SH,,SOLE,,536342,0,30763
0000051762-23-000005,94734498,SMARTCOOL SYSTEMS INC,COM,83171N108,BBG00KRBW078,0,10000,SH,,SOLE,,10000,0,0
0000051762-23-000005,94734499,STARBUCKS CORP,COM,855244109,BBG00GQ6S984,1151057,12612,SH,,SOLE,,12511,0,101
0000051762-23-000005,94734500,STRYKER CORP,COM,863667101,BBG00KTP46R1,875830,3205,SH,,SOLE,,3205,0,0
0000051762-23-000005,94734501,TARGET CORP,COM,87612E106,BBG00QPL5G25,1312466,11870,SH,,SOLE,,11054,0,816
0000051762-23-000005,94734502,TESLA INC,COM,88160R101,BBG010H49QZ6,961595,3843,SH,,SOLE,,3843,0,0
0000051762-23-000005,94734503,THERMO FISHER SCIENTIFIC INC,COM,883556102,BBG00PKLKD13,4279161,8454,SH,,SOLE,,7625,0,829
0000051762-23-000005,94734504,TRAVELERS COS INC,COM,89417E109,BBG00GQ6S9S2,26938111,164951,SH,,SOLE,,156244,0,8707
0000051762-23-000005,94734505,TYSON FOODS INC - CL A,COM,902494103,BBG011RJ68X5,33429108,662094,SH,,SOLE,,620851,0,41243
0000051762-23-000005,94734506,ULTA SALON COSMETICS & FRAGR,COM,90384S303,BBG00GQ6SB43,4445080,11128,SH,,SOLE,,9918,0,1210
0000051762-23-000005,94734507,UNION PACIFIC CORPORATION,COM,907818108,BBG00PKLKD59,1113856,5470,SH,,SOLE,,5215,0,255
0000051762-23-000005,94734508,UNITED PARCEL SERVICE - CL B,COM,911312106,BBG00KTP4GG1,44971123,288517,SH,,SOLE,,271792,0,16725
0000051762-23-000005,94734509,UNITEDHEALTH GROUP INC,COM,91324P102,BBG00GQ6SBB5,7330820,14540,SH,,SOLE,,13464,0,1076
0000051762-23-000005,94734510,VERIZON COMMUNICATIONS,COM,92343V104,BBG00GQ6SBK5,1627576,50218,SH,,SOLE,,48475,0,1743
0000051762-23-000005,94734511,VISA INC - CL A,COM,92826C839,BBG00GQ6SBW2,7106619,30897,SH,,SOLE,,28225,0,2672
0000051762-23-000005,94734512,VONTIER CORPORATION,COM,928881101,BBG013P0JFB8,1076944,34830,SH,,SOLE,,33555,0,1275
0000051762-23-000005,94734513,WAL-MART INC,COM,931142103,BBG00GQ6SC23,214242,1340,SH,,SOLE,,1340,0,0
0000051762-23-000005,94734514,WARNER BROTHERS DISCOVERY INC ,COM,934423104,BBG01G097WX9,3785310,348555,SH,,SOLE,,314823,0,33732
0000051762-23-000005,94734515,WELLS FARGO & COMPANY,COM,949746101,BBG00KTP4HT5,886598,21698,SH,,SOLE,,21143,0,555
0000051762-23-000005,94734516,WESTERN DIGITAL CORP,COM,958102105,BBG00GQ6SC87,4460424,97752,SH,,SOLE,,88882,0,8870
0000051762-23-000005,94734517,WILLIAMS COS INC,COM,969457100,BBG011RJ5ZP5,509393,15120,SH,,SOLE,,15120,0,0
0000051762-23-000005,94734518,XCEL ENERGY INC,COM,98389B100,BBG00QPL5PC4,219518,3836,SH,,SOLE,,3836,0,0
0000051762-23-000005,94734519,ABB LTD - SP ADR,ADR,000375204,BBG00J9V3SR6,289169,8125,SH,,SOLE,,6825,0,1300
0000051762-23-000005,94734520,ALLIANZ SE UNSPONSORED ADS,ADR,018820100,BBG00RD4WVV9,282269,11870,SH,,SOLE,,9970,0,1900
0000051762-23-000005,94734521,ASTRAZENECA PLC - ADR,ADR,046353108,BBG012NL2RR1,2430947,35897,SH,,SOLE,,31844,0,4053
0000051762-23-000005,94734522,AXA - SP ADR,ADR,054536107,BBG00K8H38L5,283273,9525,SH,,SOLE,,8020,0,1505
0000051762-23-000005,94734523,BAE SYSTEMS PLC - SP ADR,ADR,05523R107,BBG00T0KY4Y8,428484,8665,SH,,SOLE,,7290,0,1375
0000051762-23-000005,94734524,BARCLAYS PLC - ADR,ADR,06738E204,BBG001M4HGL7,262796,33735,SH,,SOLE,,28335,0,5400
0000051762-23-000005,94734525,BHP GROUP LTD SP ADS,ADR,088606108,BBG00KXLB4G4,573578,10084,SH,,SOLE,,10084,0,0
0000051762-23-000005,94734526,BNP PARIBAS SP ADR,ADR,05565A202,BBG000QHK0Y3,342297,10781,SH,,SOLE,,9051,0,1730
0000051762-23-000005,94734527,BP PLC - ADR,ADR,055622104,BBG00JZD99F6,517584,13367,SH,,SOLE,,11677,0,1690
0000051762-23-000005,94734528,BRITISH AMERN TOBACCO PLC ADR,ADR,110448107,BBG00JPYNK79,274995,8755,SH,,SOLE,,7365,0,1390
0000051762-23-000005,94734529,CK HUTCHISON HOLDIN-UNSP ADR,ADR,12562Y100,BBG008LP0XP3,228454,43350,SH,,SOLE,,36450,0,6900
0000051762-23-000005,94734530,ERICSSON ADR,ADR,294821608,BBG00LVD9WG3,248953,51225,SH,,SOLE,,42975,0,8250
0000051762-23-000005,94734531,HONDA MOTOR CO LTD - SP ADR,ADR,438128308,BBG00JQ4ZY99,355743,10575,SH,,SOLE,,8900,0,1675
0000051762-23-000005,94734532,KOMATSU LTD SPONS ADR,ADR,500458401,BBG00T41GFB6,200684,7441,SH,,SOLE,,6261,0,1180
0000051762-23-000005,94734533,MERCEDES-BENZ GROUP AG,ADR,233825207,BBG00GF4NNH5,310646,17915,SH,,SOLE,,15045,0,2870
0000051762-23-000005,94734534,MITSUBISHI UFJ FINL GRP - ADR,ADR,606822104,BBG00JQ2R728,383451,45165,SH,,SOLE,,37965,0,7200
0000051762-23-000005,94734535,NATIONAL GRID PLC-SP ADR,ADR,636274409,BBG00LYMJ836,302544,4990,SH,,SOLE,,4155,0,835
0000051762-23-000005,94734536,NOVARTIS AG - ADR,ADR,66987V109,BBG00JQDL9M4,330739,3247,SH,,SOLE,,2716,0,531
0000051762-23-000005,94734537,ORANGE - SPON ADR,ADR,684060106,BBG00JR3ZGG1,278977,24280,SH,,SOLE,,20380,0,3900
0000051762-23-000005,94734538,ORIX - SP ADR,ADR,686330101,BBG00K9H6X36,249721,2660,SH,,SOLE,,2240,0,420
0000051762-23-000005,94734539,RIO TINTO PLC - ADR,ADR,767204100,BBG00KX63NF5,307063,4825,SH,,SOLE,,4065,0,760
0000051762-23-000005,94734540,SANOFI-AVENTIS - ADR,ADR,80105N105,BBG00JXRWGZ3,343832,6410,SH,,SOLE,,5390,0,1020
0000051762-23-000005,94734541,SCHNEIDER ELECTRIC SE ADR,ADR,80687P106,BBG00P4RCY84,399707,12116,SH,,SOLE,,10341,0,1775
0000051762-23-000005,94734542,SUMITOMO MITSUI - SP ADR,ADR,86562M209,BBG00KRBWVF1,375383,38110,SH,,SOLE,,31985,0,6125
0000051762-23-000005,94734543,TAIWAN SEMICONDUCTOR - SP ADR,ADR,874039100,BBG00P1HWXD3,4494642,51722,SH,,SOLE,,50667,0,1055
0000051762-23-000005,94734544,VODAFONE GROUP PLC,ADR,92857W308,BBG00GQGLW24,346162,36515,SH,,SOLE,,31580,0,4935
0001214659-23-016755,92787277,ALPHABET INC,CAP STK CL C,02079K107,,27689975,210011,SH,,SOLE,,177879,0,32132
0001214659-23-016755,92787278,ALPHABET INC,CAP STK CL A,02079K305,,11991225,91634,SH,,SOLE,,63981,0,27653
0001214659-23-016755,92787279,AMAZON COM INC,COM,023135106,,27499483,216327,SH,,SOLE,,170534,0,45793
0001214659-23-016755,92787280,APPLE INC,COM,037833100,,27441802,160282,SH,,SOLE,,129929,0,30353
0001214659-23-016755,92787281,ASML HOLDING N V,N Y REGISTRY SHS,N07059210,,15708556,26685,SH,,SOLE,,21741,0,4944
0001214659-23-016755,92787282,BERKSHIRE HATHAWAY INC DEL,CL B NEW,084670702,,526851,1504,SH,,SOLE,,1499,0,5
0001214659-23-016755,92787283,BOOKING HOLDINGS INC,COM,09857L108,,13870022,4497,SH,,SOLE,,3616,0,881
0001214659-23-016755,92787284,COCA COLA CO,COM,191216100,,324124,5790,SH,,SOLE,,3247,0,2543
0001214659-23-016755,92787285,DEXCOM INC,COM,252131107,,15086702,161701,SH,,SOLE,,129696,0,32005
0001214659-23-016755,92787286,HDFC BANK LTD,SPONSORED ADS,40415F101,,7649208,129626,SH,,SOLE,,104466,0,25160
0001214659-23-016755,92787287,INTUITIVE SURGICAL INC,COM NEW,46120E602,,14727752,50387,SH,,SOLE,,40461,0,9926
0001214659-23-016755,92787288,ISHARES TR,CORE S&P500 ETF,464287200,,1075613,2505,SH,,SOLE,,1899,0,606
0001214659-23-016755,92787289,KROGER CO,COM,501044101,,358000,8000,SH,,SOLE,,4486,0,3514
0001214659-23-016755,92787290,MAKEMYTRIP LIMITED MAURITIUS,SHS,V5633W109,,9457458,233402,SH,,SOLE,,185441,0,47961
0001214659-23-016755,92787291,MASTERCARD INCORPORATED,CL A,57636Q104,,25198768,63648,SH,,SOLE,,51620,0,12028
0001214659-23-016755,92787292,MERCADOLIBRE INC,COM,58733R102,,23550869,18575,SH,,SOLE,,15187,0,3388
0001214659-23-016755,92787293,META PLATFORMS INC,CL A,30303M102,,39805744,132593,SH,,SOLE,,116460,0,16133
0001214659-23-016755,92787294,MID-AMER APT CMNTYS INC,COM,59522J103,,571849,4445,SH,,SOLE,,2493,0,1952
0001214659-23-016755,92787295,NOVO-NORDISK A S,ADR,670100205,,19656564,216149,SH,,SOLE,,172525,0,43624
0001214659-23-016755,92787296,NVIDIA CORPORATION,COM,67066G104,,57069897,131198,SH,,SOLE,,104360,0,26838
0001214659-23-016755,92787297,PALO ALTO NETWORKS INC,COM,697435105,,15395453,65669,SH,,SOLE,,52910,0,12759
0001214659-23-016755,92787298,PAYPAL HLDGS INC,COM,70450Y103,,10708016,183168,SH,,SOLE,,141439,0,41729
0001214659-23-016755,92787299,PIONEER NAT RES CO,COM,723787107,,18499339,80590,SH,,SOLE,,64388,0,16202
0001214659-23-016755,92787300,SALESFORCE INC,COM,79466L302,,20192556,99579,SH,,SOLE,,79375,0,20204
0001214659-23-016755,92787301,SERVICENOW INC,COM,81762P102,,17133623,30653,SH,,SOLE,,24618,0,6035
0001214659-23-016755,92787302,STRYKER CORPORATION,COM,863667101,,8079961,29568,SH,,SOLE,,23350,0,6218
0001214659-23-016755,92787303,TOTALENERGIES SE,SPONSORED ADS,89151E109,,300655,4572,SH,,SOLE,,4572,0,0
0001214659-23-016755,92787304,ISHARES MSCI ACWI ETF,ETF,464288257,,41342,448,SH,,SOLE,,448,0,0
0001398344-23-023299,92908944,AMAZON COM INC COM,Stock,023135106,,584086,328,SH,,SOLE,,328,0,0
0001398344-23-023299,92908945,CERNER CORP COM,Stock,156782104,,67622,1182,SH,,SOLE,,1182,0,0
0001398344-23-023299,92908946,PARAMOUNT GLOBAL CLASS B COM,Stock,92556H206,,12025,253,SH,,SOLE,,253,0,0
0001398344-23-023299,92908947,PRUDENTIAL FINL INC COM,Stock,744320102,,46491,506,SH,,SOLE,,506,0,0
0001398344-23-023299,92908948,HEWLETT PACKARD ENTERPRISE CO COM,Stock,42824C109,,12606,817,SH,,SOLE,,817,0,0
0001398344-23-023299,92908949,SEALED AIR CORP NEW COM,Stock,81211K100,,3224,70,SH,,SOLE,,70,0,0
0001398344-23-023299,92908950,WYNN RESORTS LTD COM,Stock,983134107,,2744,23,SH,,SOLE,,23,0,0
0001398344-23-023299,92908951,ULTA BEAUTY INC COM,Stock,90384S303,,2092,6,SH,,SOLE,,6,0,0
0001398344-23-023299,92908952,TECHNOLOGY SELECT SECTOR SPDR FUND,ETF,81369Y803,,122026,1649,SH,,SOLE,,1649,0,0
0001398344-23-023299,92908953,STARBUCKS CORP COM,Stock,855244109,,1270991,17097,SH,,SOLE,,17097,0,0
0001398344-23-023299,92908954,SEMPRA COM,Stock,816851109,,821488,6527,SH,,SOLE,,6527,0,0
0001398344-23-023299,92908955,PUBLIC SVC ENTERPRISE GRP INC COM,Stock,744573106,,6060,102,SH,,SOLE,,102,0,0
0001398344-23-023299,92908956,HARMONY GOLD MINING CO LTD SPONSORED ADR,ADR,413216300,,10,5,SH,,SOLE,,5,0,0
0001398344-23-023299,92908957,NEENAH INC COM,Stock,640079109,,32180,500,SH,,SOLE,,500,0,0
0001398344-23-023299,92908958,ELEVANCE HEALTH INC COM,Stock,036752103,,49361,172,SH,,SOLE,,172,0,0
0001398344-23-023299,92908959,ISHARES GOLD TRUST,ETF,464285204,,95326,7700,SH,,SOLE,,7700,0,0
0001398344-23-023299,92908960,EBAY INC. COM,Stock,278642103,,26481,713,SH,,SOLE,,713,0,0
0001398344-23-023299,92908961,DOLLAR GEN CORP NEW COM,Stock,256677105,,83510,700,SH,,SOLE,,700,0,0
0001398344-23-023299,92908962,TRIPADVISOR INC COM,Stock,896945201,,2830,55,SH,,SOLE,,55,0,0
0001398344-23-023299,92908963,WILLIS TOWERS WATSON PLC LTD SHS,Stock,G96629103,,5445,31,SH,,SOLE,,31,0,0
0001398344-23-023299,92908964,MONSTER BEVERAGE CORP NEW COM,Stock,61174X109,,174056,3189,SH,,SOLE,,3189,0,0
0001398344-23-023299,92908965,VULCAN MATLS CO COM,Stock,929160109,,10301,87,SH,,SOLE,,87,0,0
0001398344-23-023299,92908966,JOHNSON & JOHNSON COM,Stock,478160104,,1342403,9603,SH,,SOLE,,9603,0,0
